year,month,catchN,sampleN,30,31,32,33,34,35,36,37,38,39,40,41,42,43,44,45,46,47,48,49,50,51,52,53,54,55,56,57,58,59,60,61,62,63,64,65,66,67,68,69,70,71,72,73,74,75,76,77,78,79,80,81,82,83,84,85,86,87,88,89,90,91,92,93,94,95,96,97,98,99,100
2004,1,5543.08642,9027,0,0,0,0,0,0,0,0,0,0,1.25768715,4.41547719,10.29697565,33.05252459,37.25865453,70.58217124,118.4556434,194.1911036,193.645508,201.8207281,229.1725201,230.8434431,307.3227268,365.5374796,486.6642932,351.7990261,541.415382,512.3580014,318.800853,149.0887555,133.2213457,79.64775999,111.3682338,81.83052721,76.97120355,65.30981161,70.69041353,87.60813839,87.15616994,61.95105821,66.27820226,51.58590328,49.77121121,52.63635198,39.17793855,23.46199271,11.05843772,7.515487406,6.847955454,3.88006734,3.664733888,2.014685874,1.625149111,2.068340403,2.225926112,1.016161616,1.846930847,1.107692308,0.240533727,0.415384615,0.415384615,0.276923077,0,0,0,0.082948017,0,0.138461538,0,0,0
2004,2,2220,3881,0,0,0,0,0,0,0,0,0,0,0,2.014388489,3.124728531,5.345408614,9.437890354,19.22465913,42.19292158,107.9881577,125.1347236,142.9790463,185.4077515,191.4812716,255.6797268,268.3491984,286.4037233,143.8170584,131.2635311,100.7070542,63.79168492,28.95789651,24.21792087,17.22455845,19.10438008,17.28978466,11.70731707,5.382674516,5.248107653,3.56396464,1.076534903,0.94196804,0.269133726,0.403700589,0,0.134566863,0,0,0,0,0,0.134566863,0,0,0,0,0,0,0,0,0,0,0,0,0,0,0,0,0,0,0,0,0
2004,3,3497.142857,5731,0,0,0,0,0,0,0,0,0,0,0.308186196,2.709932215,5.978448928,14.80967425,24.66200683,47.24674063,97.66521314,217.7551305,241.5772161,262.9135989,308.0010488,285.9504192,345.5243602,338.2585191,361.7025989,190.6522512,205.7269817,175.5378521,114.6089808,52.52020778,45.69720071,30.53421038,36.72597697,30.4084118,22.24227868,11.7139241,9.743406095,7.368418521,4.379955417,2.409437411,0.945196899,0.519043614,0,0.173014538,0,0,0,0,0,0.173014538,0,0,0,0,0,0,0,0,0,0,0,0,0,0,0,0,0,0,0,0,0
2004,5,69049.16667,7409,0,0,0,0,0,0,0,0,0,0,43.29588015,87.17466476,272.0371068,918.3763868,1132.959971,2092.036899,3205.117695,4637.374953,4451.6354,3878.45284,3737.306292,2971.925128,3127.825043,3325.647485,4153.15055,3004.73081,5029.412546,5173.232289,3998.163243,2263.854568,2556.621881,1767.355807,2039.031138,1707.231268,1299.566687,694.7016299,569.3486427,383.4909629,271.6413667,145.9844461,59.61158149,29.78273727,0.858164482,10.12424178,0.196662694,0.125148987,0.089392133,0.05363528,0.035756853,9.605767409,0,0,0,0,0,0,0,0,0,0,0,0,0,0,0,0,0,0,0,0,0
2004,6,133995.8434,11605,0,0,0,0,0,0,0,0,0,0,41.77278402,104.6978956,317.6086162,1020.450596,1386.791686,2574.579982,4425.597272,7686.507871,7894.31313,7726.653065,8098.730861,6759.626738,7324.470023,7089.793502,8151.327563,5164.801292,7643.62478,7730.773745,6238.632054,3643.149307,4222.326693,3056.597268,3459.710838,3115.7586,2555.773871,1533.177861,1366.653111,1092.479366,806.3141022,551.4732458,450.1114108,289.780493,223.3193541,233.7573431,230.1231607,229.2032208,289.830641,494.457475,693.4634821,636.8720661,1149.977934,774.182126,922.3816998,916.4546329,1006.735902,333.6322629,832.188385,664.7414961,91.45482969,249.278061,249.278061,166.185374,0,0,0,1.173560952,0,83.09268701,0,0,0
2004,10,5167.297297,8223,0,0,0,0,0,0,0,0,0,0,1.048689139,5.863982971,11.73966231,29.25881126,39.32529688,76.09431615,128.8937925,251.2932899,273.8967139,284.8332756,359.0048409,370.2879887,499.6479176,535.750101,567.1026727,281.0739798,247.9376617,178.0721464,89.70122513,27.08730448,4.028776978,0,5.171634121,4.300102775,12.57142857,25.36518771,42.952706,64.09532462,65.70719137,54.40792654,68.76383439,61.02033501,64.2227064,82.77591775,91.42871629,68.47407108,49.7837487,29.98500478,19.11158842,11.2342353,13.07954852,8.790375947,9.702430488,10.98747084,11.27740686,4.202003402,9.456057456,7.005405405,0.945673731,2.627027027,2.627027027,1.751351351,0,0,0,0.655737705,0,0.875675676,0,0,0
2004,11,181820.0767,9226,0,0,0,0,0,0,265.9804392,132.9902196,804.4025322,1322.118715,3922.074648,3646.178272,4612.005716,6723.59059,6097.310162,10200.56774,13957.65858,20099.44189,19322.40079,15115.43484,13571.24753,10866.12728,11279.72677,11174.61537,10434.54611,4511.791587,3909.187965,2971.64578,1717.146975,494.4140862,106.784603,28.71789241,100.4604433,60.23112331,45.30581255,61.22876804,90.1644025,184.7218395,185.2464495,186.8629737,289.8421165,272.904071,315.1399112,440.6607668,504.7711369,393.7903851,303.4393617,201.1789726,156.5401786,102.3898403,117.032144,67.41580026,72.40225943,78.25881752,82.99293344,29.83647225,68.32806874,51.32212865,8.249598616,19.24579825,19.24579825,12.83053216,0,0,0,3.515482696,0,6.415266082,0,0,0
2004,12,400756.3581,14840,0,0,0,0,0,1400.189381,5636.159,10719.86509,12675.65305,22764.57623,31549.73904,22722.15967,64988.77938,50177.6942,62480.1309,22188.03636,21968.4465,12516.10789,11757.81943,8708.738579,5740.314138,4254.14678,3509.331242,3592.111156,3303.721358,1462.569799,1566.571767,1346.788951,842.1986574,311.801835,205.9015911,114.5478527,181.3996558,136.5831,184.3169819,242.7525091,352.0963916,514.6158346,548.5376226,470.0717164,631.8950507,574.6190154,630.6079312,856.1381173,1001.491661,800.3399866,665.010063,519.8391494,485.6064972,362.7057832,521.0557034,323.8958431,370.3517412,379.0498241,411.09217,140.0884059,338.7843601,264.927939,39.19181747,99.34797711,99.34797711,66.23198474,0,0,0,7.149471551,0,33.11599237,0,0,0
2005,1,24272.70655,3268,0,0,0,0,0,85.24216524,309.8667899,623.7653038,951.8250877,1363.10066,2929.083756,2350.166002,2351.541201,1898.251323,1134.371415,1462.089604,1585.446072,2225.312098,2069.108743,1372.409726,637.2824574,423.556092,156.5086844,181.757402,125.0852104,19.26537805,6.737285316,3.841881604,6.914749921,0.177464605,0,0,0,0,0,0,0,0,0,0,0,0,0,0,0,0,0,0,0,0,0,0,0,0,0,0,0,0,0,0,0,0,0,0,0,0,0,0,0,0,0
2005,2,435090.5978,6287,0,0,0,0,0,330.9009262,3689.098164,5054.288066,8540.972223,16208.12475,25919.83822,23935.61843,31974.79763,33126.60465,25860.64827,31168.01506,35969.64906,47221.12529,44357.06877,30500.46809,20632.12828,14493.00458,10430.03097,9848.796467,7802.170264,2500.388194,1986.214039,1647.581655,1196.881985,309.4976598,92.91984053,43.23198926,80.46182384,52.93136197,35.3702766,22.24433541,14.94170329,23.67629617,12.64107448,5.338442355,2.557900429,0.222641498,0,0.074213833,0,0,0,0,0,0.074213833,0,0,0,0,0,0,0,0,0,0,0,0,0,0,0,0,0,0,0,0,0
2005,3,10165.75532,5015,0,0,0,0,0,10.76595745,19.49511213,68.96032202,67.44909819,75.06453314,118.3028121,104.1526959,129.9043806,206.8541002,235.6130129,410.3023006,642.7277949,1068.181868,1087.195492,991.8429146,989.8973736,790.2729179,807.9084125,700.5845882,648.5868105,281.3537944,261.8396778,215.6148618,132.7767058,41.13752582,14.17795959,6.219169593,12.401054,7.755319397,5.330716794,3.553811196,2.221131998,3.757281801,2.221131998,0.888452799,0.4442264,0,0,0,0,0,0,0,0,0,0,0,0,0,0,0,0,0,0,0,0,0,0,0,0,0,0,0,0,0,0
2005,4,3695.714286,4510,0,0,0,0,0,0,9.266409266,4.633204633,23.52158011,32.39390071,124.6364288,85.48905396,142.2250691,157.8144979,177.6329617,206.9262168,282.6197481,404.9722404,410.9719058,374.9721718,354.6967495,259.1987221,229.7876082,164.0076541,125.6779409,38.25179591,28.77197525,27.86649379,23.20066626,5.459866072,0.239808153,0,0.239808153,0.119904077,0,0,0,0.119904077,0,0,0,0,0,0,0,0,0,0,0,0,0,0,0,0,0,0,0,0,0,0,0,0,0,0,0,0,0,0,0,0,0
2005,5,7566.993865,4027,0,0,0,0,0,0,0,0,0,0,8.297603456,15.9926102,52.48968522,171.1206543,226.2119027,416.7824043,640.1045397,967.2950008,954.9914045,819.5449845,793.7389503,595.1228001,573.1900674,479.5224835,401.6422145,147.2529136,117.890557,97.39527448,67.08998401,16.902418,1.471804152,0,1.471804152,0.735902076,0,0,0,0.735902076,0,0,0,0,0,0,0,0,0,0,0,0,0,0,0,0,0,0,0,0,0,0,0,0,0,0,0,0,0,0,0,0,0
2005,6,455253.0623,7757,0,0,0,0,0,0,0,0,183.973528,122.6490187,1032.456164,1953.709768,4306.853819,11076.93523,12813.63589,22981.97944,34833.09841,54217.57289,53778.58114,46001.43886,44401.33545,34380.22172,34106.58063,29783.0453,26417.64988,10662.93222,9224.599893,7688.898739,5517.20486,2080.365684,1453.961135,1044.705245,1201.288583,1119.938942,861.0593091,491.2128464,457.6330658,381.0100992,207.23175,157.6196508,120.7380617,75.5236364,45.2677233,35.54839872,10.37385326,6.601542982,4.715387844,2.829232707,1.886155138,8.199149227,0,0,0,0,0,0,0,0,0,0,0,0,0,0,0,0,0,0,0,0,0
2005,7,437445.1158,8563,0,0,0,0,0,0,0,0,0,0,78.80149813,431.9553795,1020.701802,2661.554344,4206.479427,7991.34516,15340.13215,32158.87254,35243.72321,37172.54588,43036.47507,39479.63285,47310.58833,45607.10068,46922.72753,22986.08834,21760.00875,16917.1714,9329.555758,3042.818531,1042.839166,419.3203883,923.0496668,566.3794203,359.5970676,240.1385642,150.8645533,300.0565622,154.0701006,64.89643027,37.98249878,7.262563023,8.38308682,11.02221238,13.24930229,11.2618268,10.95657599,19.91514785,27.49294252,25.13905351,51.59677832,36.62238272,44.12815755,44.1168581,48.21645371,16.0703425,40.03443516,31.95212355,4.188003111,11.98204633,11.98204633,7.988030888,0,0,0,0.088407494,0,3.994015444,0,0,0
2005,8,145905.9731,4396,0,0,0,0,0,0,0,0,0,0,0,95.12348732,106.7206868,256.2727064,98.57619543,274.880079,693.408821,1676.957142,1825.584357,2887.812673,4504.861096,6102.246192,9831.171153,12853.17606,17515.36021,12549.15162,18483.55475,17242.49352,10948.43542,5359.387335,5054.808636,3165.947979,4134.661208,3137.114496,2465.774981,1447.405119,1057.418653,886.7083199,719.0969342,329.1104682,148.1848284,32.74081147,0,10.91360382,0,0,0,0,0,10.91360382,0,0,0,0,0,0,0,0,0,0,0,0,0,0,0,0,0,0,0,0,0
2005,9,690,7016,0,0,0,0,0,0,0,0,0,0,0,0.159872102,0.159872102,0.661490225,0,0.159872102,1.003236246,1.642724655,1.119104716,3.92493772,6.340544196,9.879732263,16.76747201,26.59488492,44.24273827,38.51224748,67.82080702,71.20851505,59.2310513,36.84144607,44.67380376,32.06773489,35.7717778,31.45683958,24.392626,13.2832158,11.43575842,7.801298036,5.298723119,3.285247585,1.871316679,1.137650417,0.541494419,0.824152368,1.404314195,1.668289453,2.390390471,4.251200569,5.93574273,5.587424574,10.39521507,7.127852004,8.547379239,8.499765808,9.318807811,3.085714286,7.714285714,6.171428571,0.833093525,2.314285714,2.314285714,1.542857143,0,0,0,0.014051522,0,0.771428571,0,0,0
2005,10,55320,10933,0,0,0,0,0,0,0,0,0,0,2.996254682,5.291407324,18.30390645,60.85684913,80.26916389,147.4345819,224.9091327,332.4625441,324.8066175,272.5078695,253.3563706,177.3282426,152.9474933,113.9134629,82.15948996,22.76409124,19.25096381,23.22546785,28.15898063,21.84725027,46.90075263,36.9447196,232.4821542,437.6070532,1974.882396,3855.806478,6227.929548,8202.965038,8085.1667,5619.446727,5361.103272,4031.597255,3281.388765,2628.605348,1573.166291,694.4517728,229.0658342,132.0741452,91.99704442,32.44311194,25.8147033,22.75646775,14.3383475,26.51274027,25.89795456,15.37778888,23.01415251,10.18181818,1.611074777,3.818181818,3.818181818,2.545454545,0,0,0,2.225860478,0,1.272727273,0,0,0
2005,11,147660,10383,0,0,0,0,0,0,0,0,0,0,52.98377029,108.2451791,389.0254581,1243.194164,1850.171697,3407.287069,5903.506098,10499.25858,10913.98385,10418.63238,10537.74493,8002.885268,7571.53598,5679.057932,4769.897455,1767.704128,1542.198275,1419.477318,1131.546884,429.8127409,331.4101475,240.677975,399.1298861,523.1293624,1433.669917,2684.525286,4351.940086,6919.659486,7364.130826,6066.175799,6952.922637,5246.972108,4909.04531,4213.547778,3023.185388,1639.842309,981.2885692,655.1374845,545.2319723,341.4155236,303.1491729,133.4888882,116.4403292,134.8486152,144.1764116,56.96426422,115.4206279,77.94181818,19.01305646,29.22818182,29.22818182,19.48545455,0,0,0,9.685260095,0,9.742727273,0,0,0
2005,12,40399.90385,16233,0,0,0,0,0,0,50.05197505,25.02598753,210.8050739,256.6322175,2250.796612,858.0813577,1393.701047,2387.920939,1807.658653,2808.843727,2704.896369,2382.28662,2372.244004,2101.046706,1942.09057,1503.729315,1472.920652,1269.343905,1132.127547,463.9240752,417.2819885,348.7569413,232.2765922,77.18192457,38.64628061,23.99199126,36.00191301,33.21314452,53.39260359,89.26530648,154.3720411,332.2828937,414.0554586,499.4133208,855.5431014,812.2338386,939.6467805,1236.879554,1078.570037,759.9916209,452.5537017,345.7374433,349.8456165,225.9864487,252.8922617,132.9630566,127.9581173,139.1957154,153.4694656,58.6820656,125.0235001,88.45524596,17.38905984,33.17071723,33.17071723,22.11381149,0,0,0,3.115309569,0,11.05690574,0,0,0
2006,1,250,2696,0,0,0,0,0,0,0,0,0,0,0,0,0,0,0,0,0,0,0,0,0,0,0,0,0,0,0,0,0,0,0,0,0.21978022,0.43956044,2.417582418,4.877920714,8.260135769,11.93864156,12.63599834,10.4630628,13.22381431,11.73467981,12.35052046,15.91844572,18.89864819,16.06373665,15.6283305,13.04645147,13.61514154,10.25758208,12.15591461,6.156893743,6.622855562,6.606738155,7.334259542,2.442173211,5.903711673,4.615384615,0.853624792,1.730769231,1.730769231,1.153846154,0,0,0,0.126103405,0,0.576923077,0,0,0
2006,2,26450,4797,0,0,0,0,0,0,154.0540541,77.02702703,448.9773039,663.4850784,3477.092218,1742.528908,2497.968753,3700.062491,2313.491,3235.087343,2523.361711,1647.963556,1571.02084,1054.475193,451.9886242,328.1911951,98.83931334,95.35328439,93.38709759,35.60851938,46.27859575,43.87545246,34.09294874,18.92133346,21.53064219,15.10763444,17.08601629,14.60755343,10.91167417,5.659647089,4.793236818,3.126909661,2.012188317,1.145778046,0.43832216,0.269133726,0,0.089711242,0,0,0,0,0,0.089711242,0,0,0,0,0,0,0,0,0,0,0,0,0,0,0,0,0,0,0,0,0
2006,3,220,4768,0,0,0,0,0,0,0,0,0,0,0,0.095923261,0.095923261,0.19301064,0,0.095923261,0.194174757,0.577867803,0.67146283,1.539428651,3.235079292,5.154708637,8.960325611,12.29516084,16.61402057,11.66780151,16.79267565,16.1723958,12.22305802,7.095500047,8.073990822,5.665362914,6.521541825,5.706403963,5.349020669,4.65888643,6.092734406,7.380684736,7.292502871,5.870459422,7.007967363,6.071811107,6.159975558,7.458774475,6.780003748,4.606474821,2.653444916,1.427261263,0.771523558,0.295936798,0.06557377,0.06993007,0,0.102716955,0.06993007,0.06993007,0.06993007,0,0,0,0,0,0,0,0,0.032786885,0,0,0,0,0
2006,4,47550,11005,0,0,0,0,0,0,0,0,0,0,5.093632959,17.59491283,45.57875676,138.3478337,186.2896397,350.1085387,622.5319185,1144.625761,1198.627434,1228.570867,1368.547482,1241.379168,1476.616907,1530.417873,1796.202046,1125.755528,1566.724382,1522.773816,1166.980785,656.3518169,732.2515926,514.6462138,593.1214811,520.9325687,492.9768827,434.7826636,571.2295848,706.1311084,771.4218769,794.4194664,1355.634983,1441.214486,1745.337592,2801.42262,3507.793168,2847.168577,2243.773172,1438.115616,1056.234046,675.6538968,726.6927423,413.7818377,440.2126205,484.5715858,507.9649606,184.7053437,418.611351,311.8746764,50.36927495,116.9530037,116.9530037,77.96866911,0,0,0,26.97590024,0,38.98433455,0,0,0
2006,5,153257.8217,10275,0,0,0,0,0,0,0,0,13.49510134,8.996734223,149.1152754,305.84288,771.8219402,2267.051378,2690.567897,4937.092093,7115.390872,9986.498607,9598.213277,7762.749096,7710.418749,6480.58532,7402.33098,7756.213555,7751.338702,3797.173408,3923.613926,3391.759147,2510.677375,1284.771336,1322.86137,947.070469,1065.547095,968.1631994,912.5711082,827.3749769,1143.326597,1421.28785,1461.189441,1339.839129,1966.72758,1958.798332,2250.744374,3403.532358,4366.930548,3751.811102,3468.069569,2841.820179,2847.21854,2160.432246,2828.02564,1601.37784,1789.290705,1806.382048,1980.312026,665.923192,1615.726935,1266.404991,206.2844669,474.9018715,474.9018715,316.6012476,0,0,0,32.35448941,0,158.3006238,0,0,0
2006,6,278947.6667,11653,0,0,0,0,0,0,0,0,0.517241379,0.344827586,380.2010418,675.4508198,2280.31653,7577.147934,9801.004025,18008.64087,26886.89519,38402.45501,37044.74164,30173.36498,27688.1005,19325.02453,16835.00021,13232.58942,9759.174503,2889.217072,2480.306667,2597.027522,2439.271052,928.1768724,781.8514993,581.0682344,646.7036666,605.9673716,514.7697652,333.2431409,327.8894453,307.204887,252.8136593,200.7927913,216.6709903,169.1770858,164.8915181,199.9577942,234.9880314,214.8468963,237.5008096,272.3173172,338.0402947,286.2659753,447.867887,277.671618,322.942605,320.4529344,353.301766,116.941004,290.1046899,230.8849146,34.3364618,86.58184296,86.58184296,57.72122864,0,0,0,1.487630216,0,28.86061432,0,0,0
2006,7,19637.48124,11605,0,0,0,0,0,0,0,0,0,0,8.064918851,18.05445531,59.50308259,189.7104653,270.6560285,500.217916,855.1112889,1493.868715,1543.285114,1477.825934,1517.509339,1201.836436,1215.060039,1034.125983,1015.276633,513.1526945,631.9719129,611.4301072,475.6891993,250.9284729,267.696816,197.8556779,230.1857625,217.5763201,195.9595836,133.1531083,121.5470546,111.5130727,86.54477731,63.03821485,60.78700672,39.62631817,35.10595796,36.92081411,61.27125392,85.48642195,144.1402309,198.4572695,273.4889023,233.5313204,350.5599005,205.6146333,236.5210092,231.532744,257.7464959,84.24635243,210.2880839,168.0556419,26.45145678,63.02086572,63.02086572,42.01391048,0,0,0,0.237704918,0,21.00695524,0,0,0
2006,10,274381.5601,10453,0,0,0,0,0,0,0,0,2.597626511,1.731751008,397.3838876,696.6174867,2219.790753,7400.702643,8969.56877,16479.44954,22657.28768,27671.61362,24953.19536,16893.90571,13696.32201,8705.944244,7208.309554,7193.46854,4789.005352,1056.0377,561.8545632,560.6368178,685.3243916,197.1034897,167.774221,169.855438,429.9508487,718.9439704,2784.416255,5248.106433,8688.555894,12698.45223,13128.15173,10156.36148,10950.12026,8304.807677,7506.331985,6510.88324,4937.179686,2835.342205,1900.762081,1213.883389,931.335199,571.3502821,446.3405892,170.9361443,134.9941789,167.3953392,173.0608817,70.72027417,136.027417,87.07619048,26.14894085,32.65357143,32.65357143,21.76904762,0,0,0,20.48339839,0,10.88452381,0,0,0
2006,11,100437.8067,14035,0,0,0,0,0,0,0,0,0,0,45.07472142,95.02474829,318.7131713,1014.000985,1444.970041,2666.335217,4443.435147,7575.612017,7787.491019,7270.443281,7374.286945,5712.79923,5623.508181,4523.444399,3927.37435,1518.11449,1253.728535,1037.481801,700.6195207,193.9459093,47.73939907,20.60601557,68.15371674,93.19450925,270.9916987,595.255808,987.9508752,1983.925054,2344.976322,2501.719972,3840.544506,3415.359749,3782.400975,4559.338664,3648.756757,2347.533131,1101.760547,767.4856331,715.0303482,394.7949706,452.2494414,276.0088311,251.9098517,299.6474931,323.0547843,137.2488114,269.456569,176.2770101,31.56358907,66.10387879,66.10387879,44.06925253,0,0,0,8.156297873,0,22.03462626,0,0,0
2006,12,8685,5788,0,0,0,0,0,0,0,0,0,0,0,3.836930456,9.943800685,22.15754114,51.90839695,98.49341901,232.0610687,564.9660424,637.5455361,699.47828,793.7540044,689.5564464,768.1842312,668.2556245,653.6621085,295.9855017,256.913248,197.0088052,112.5963351,32.18188808,3.836930456,0,4.827406646,3.899417609,10.8952381,23.04118316,40.39973996,71.06324013,80.6148641,86.50029879,139.931954,133.6897506,152.4958434,203.4649899,182.3343324,130.5852711,80.49893196,65.95170432,68.73187494,47.69045628,65.1161665,39.30528081,42.34752562,44.27487485,48.47386594,17.38997669,39.91724942,30.03636364,4.80207107,11.26363636,11.26363636,7.509090909,0,0,0,0.60307998,0,3.754545455,0,0,0
2007,1,4687.915789,9714,0,0,0,0,0,0,0,0,19.21981424,19.21981424,126.4584594,90.54707315,527.8685208,371.312236,607.9549542,198.7821814,251.3326807,232.3655625,238.8059452,233.0814462,241.6445516,210.2269669,242.4008762,234.0509731,231.254313,107.502481,96.78413528,74.58918412,43.60551791,14.95451117,6.903875724,4.259388219,6.449626608,5.873587473,6.233899257,6.48400998,8.38486885,11.90652483,11.86985715,11.22166048,16.84281676,16.20618475,18.79749158,28.0409706,34.8782619,27.99924231,22.1724374,12.78676789,7.853981971,4.268881208,2.136467875,0.524084229,0.087929656,0.537162291,0.348224917,0.26029526,0.26029526,0,0.087929656,0,0,0,0,0,0,0.276867031,0,0,0,0,0
2007,2,3950,6079,0,0,0,0,0,0,0,0,10.34482759,6.896551724,34.78238409,64.41585205,93.23668846,141.3545571,76.42616021,105.1837602,125.1923477,236.3061352,228.1980145,169.6427523,131.4125528,149.1023034,190.604319,250.3227987,343.0871926,246.2658484,365.9382584,337.8640098,201.9319312,92.10288881,78.45828874,45.31130835,65.41608145,45.75159532,37.30996922,23.66221104,15.73084994,15.2964523,13.64506357,5.713702467,2.755926086,0.201850294,0,0.067283431,0,0,0,0,0,0.067283431,0,0,0,0,0,0,0,0,0,0,0,0,0,0,0,0,0,0,0,0,0
2007,3,40025.79699,10275,0,0,0,0,0,0,0,0,3.128408986,2.085605991,16.69526294,44.54046814,85.06868857,207.3441636,230.9795959,427.2014818,711.0915135,1282.386573,1336.432354,1356.700525,1572.32045,1555.216486,2020.302675,2216.084078,2589.434177,1565.863808,1991.282779,1754.341109,1028.334648,434.4372832,326.9826719,183.2719199,276.5905329,193.6321751,177.1124483,148.166668,150.7816063,192.4434896,204.5514982,157.7624235,229.7705705,244.8019666,311.5581438,582.1870063,1137.875104,1154.981821,1369.772303,1225.486182,1327.218562,1050.724786,1355.890033,729.5288071,817.3639904,806.2705317,893.0751609,291.5040906,723.0899309,575.4477871,98.05425658,215.7929202,215.7929202,143.8619468,0,0,0,11.24962742,0,71.93097339,0,0,0
2007,4,82686.96946,11953,0,0,0,0,0,0,0,0,6.539043438,4.359362292,80.27267681,177.5767746,448.9040352,1318.026606,1609.588883,2968.098477,4475.334735,6772.260583,6697.799749,5856.740395,6082.489036,5270.926039,6134.258455,6275.080141,6492.895855,3351.969878,3659.959301,3072.597474,1797.635562,685.4995278,430.1923906,232.7665858,364.6203969,250.9705471,204.2129471,145.978339,120.9954532,151.3966127,138.2217621,87.79123912,100.8209302,92.87088752,114.3766908,209.1931723,444.2320123,481.6785978,625.310858,595.2109571,682.692205,546.1557008,692.9804182,361.0445165,400.8398929,391.6629037,437.1395145,141.6325956,352.2985437,280.8879308,49.72997939,105.3329741,105.3329741,70.22198271,0,0,0,4.253368632,0,35.11099135,0,0,0
2007,5,3175.636364,4375,0,0,0,0,0,0,0,0,4.006269592,2.670846395,17.415519,31.57826859,58.99649598,130.8283366,127.8340882,220.9336225,309.135429,446.8281124,425.986677,322.3118989,274.9047267,199.6312219,178.3884993,159.1773678,129.8781801,45.23135528,35.12624619,28.56727038,20.04781996,4.857915598,0.433398736,0,0.433398736,0.216699368,0,0,0,0.216699368,0,0,0,0,0,0,0,0,0,0,0,0,0,0,0,0,0,0,0,0,0,0,0,0,0,0,0,0,0,0,0,0,0
2007,6,191401.5797,8687,0,0,0,0,0,0,0,0,0,0,183.0640301,355.1092484,1186.446585,3862.935792,5212.844055,9602.440365,15128.98081,23715.34536,23698.09019,20931.96355,20484.06538,15394.61073,14723.37796,11976.83575,10176.20945,3916.833402,3558.482348,3121.981147,2158.229209,661.1953411,268.6402341,145.8267455,230.7662547,166.0027099,127.2488791,82.39321367,59.94934858,71.3636042,47.55283174,23.88962228,15.45535018,5.10063937,3.442854661,2.48920065,1.38850791,1.821027816,3.116424459,5.472972181,7.907241246,7.333603057,12.15827338,7.85971223,9.286570743,9.166666667,10.11990408,3.333333333,8.333333333,6.666666667,0.95323741,2.5,2.5,1.666666667,0,0,0,0,0,0.833333333,0,0,0
2007,7,15587.5,5731,0,0,0,0,0,0,0,0,0,0,7.315855181,22.91465704,58.27879243,171.3559172,226.5221171,425.6561339,689.6334796,1179.003678,1222.228124,1177.622177,1329.298958,1231.391463,1516.163404,1553.903787,1631.518601,833.5020757,845.5969986,676.2644402,376.3138024,133.5929511,65.67861416,31.7161766,56.59281961,36.65438583,26.80322046,17.5660382,11.21426588,15.93380396,10.69281929,4.341046976,2.145292201,0.050462574,0,0.016820858,0,0,0,0,0,0.016820858,0,0,0,0,0,0,0,0,0,0,0,0,0,0,0,0,0,0,0,0,0
2007,8,1500,4633,0,0,0,0,0,0,0,0,0,0,0,0.287769784,0.287769784,2.71495425,0,0.287769784,4.854368932,6.005448069,2.014388489,13.16197527,13.84251567,21.73732604,37.49330505,66.11556083,133.7987194,133.8442351,254.1489164,252.4948884,156.0136573,74.07928571,67.55521328,39.57396886,57.26534886,40.76960846,35.6287282,24.05277487,16.4336465,16.10135977,14.90803579,6.984974172,4.443216408,1.119995469,0.858164482,0.569994517,0.196662694,0.125148987,0.089392133,0.05363528,0.035756853,0.051520142,0,0,0,0,0,0,0,0,0,0,0,0,0,0,0,0,0,0,0,0,0
2007,10,34990.27027,7147,0,0,0,0,0,0,0,0,0,0,20.37453184,35.65543071,119.6102374,399.5797758,507.3237218,932.0111138,1356.574788,1851.063686,1753.383288,1363.089407,1211.238346,819.0957694,690.1996377,551.6005063,373.0865218,83.41398373,47.93882733,54.1706628,59.26429576,11.32546842,0,0,45.58911565,91.17823129,501.4802721,1012.989826,1716.885125,2493.264043,2584.598884,1997.245442,2184.760469,1710.65527,1584.549085,1519.933531,1344.486991,913.5536569,740.2989228,522.9709987,466.4235518,317.3553354,283.8406359,109.6961289,98.42071132,104.0150456,114.6998497,40.5005556,88.94339003,64.59044591,17.68265393,24.22141722,24.22141722,16.14761148,0,0,0,6.997849785,0,8.073805739,0,0,0
2007,11,44857.68392,10249,0,0,0,0,0,0,0,0,25.57173729,17.04782486,109.3103976,195.6539504,363.1471226,796.4298206,770.8225252,1324.607721,1854.25003,2683.470229,2552.458955,1913.642777,1574.56306,1075.735417,849.2335999,675.6981439,464.9121141,105.8697861,63.06535002,68.95916553,73.16249895,15.05619441,1.70084178,1.988743574,32.4124007,63.29553196,331.5018387,662.5692661,1117.678183,1611.345021,1686.223576,1351.741182,1608.190323,1362.545494,1371.606558,1621.927079,1797.17734,1464.231246,1383.54382,1189.260481,1256.949503,962.4262821,1237.423764,676.1931065,748.5260304,748.8452931,826.8466452,276.0452867,671.4946306,527.2657919,89.4437906,197.7246719,197.7246719,131.816448,0,0,0,11.44243856,0,65.90822398,0,0,0
2007,12,20260,4837,0,0,0,0,0,0,0,0,0,0,0,0,0.555170021,1.665510062,4.718945177,8.605135323,21.09646079,49.96530187,55.51700208,59.40319223,61.3462873,45.2463567,39.13948647,22.20680083,15.82234559,3.886190146,2.775850104,3.608605135,3.608605135,0.832755031,0,0,8.221978022,16.44395604,90.44175824,182.4830139,309.0116791,446.6245809,509.0231416,515.0245778,864.737113,905.5997826,1086.240296,1712.622548,2169.399867,1808.703856,1534.994549,1127.230953,1003.592298,717.3243636,896.1071942,511.1852182,564.4595877,583.5083782,631.8333505,217.3218397,517.2179935,399.8615385,64.63266464,149.9480769,149.9480769,99.96538462,0,0,0,16.30769231,0,49.98269231,0,0,0
2008,1,1330,2692,0,0,0,0,0,0,0,0,0,0,0,0.911270983,1.966094023,4.075740102,8.965995836,17.2610281,40.0832755,98.57915749,111.8612008,123.801317,144.8073464,131.5316269,154.5568708,142.8883652,143.9713295,67.52764617,59.03910321,44.21846007,24.17049844,7.049860459,0.911270983,0,0.911270983,0.455635492,0,0,0,0.455635492,0,0,0,0,0,0,0,0,0,0,0,0,0,0,0,0,0,0,0,0,0,0,0,0,0,0,0,0,0,0,0,0,0
2008,2,4199.78022,4040,0,0,0,0,0,0,0,0,0,0,58.51325952,9.904353095,58.37339713,184.0025445,185.9549568,324.391085,412.9929535,506.3280899,486.8995664,393.1266126,370.1190827,275.0109796,267.8934846,239.9265316,201.721059,74.81014003,59.64871286,47.77564907,32.02143481,8.040187978,0.775379696,0,0.775379696,0.387689848,0,0,0,0.387689848,0,0,0,0,0,0,0,0,0,0,0,0,0,0,0,0,0,0,0,0,0,0,0,0,0,0,0,0,0,0,0,0,0
2008,3,39532.59526,8223,0,0,0,0,0,0,0,0,0,0,28.899122,64.80588084,200.6225548,631.2010738,861.8381187,1595.594278,2560.112632,4188.676169,4260.180549,3894.901498,4008.507493,3237.376857,3411.29106,3024.495021,2785.201909,1174.802993,991.3870168,769.1461739,463.2577728,126.5619538,14.23241734,0,14.51577574,7.682925464,3.116942356,6.506117555,11.30095918,25.6565423,20.93822407,19.71681194,28.33741486,26.06844862,29.12732032,39.50822815,48.41994352,41.73362602,40.79165337,52.90185634,66.95232625,58.18872853,107.1250273,72.61773624,86.40007417,86.35800597,94.53997972,31.50659257,78.23996661,62.31116538,8.51111744,23.36668702,23.36668702,15.57779135,0,0,0,0.32914369,0,7.788895673,0,0,0
2008,4,231196.8371,10450,0,0,0,0,0,0,0,0,4.313696284,2.875797522,195.2102847,416.8952742,1256.076857,3938.621067,5233.107433,9663.391527,15249.38227,24269.20674,24417.82917,21935.71344,22235.8631,17787.74435,18586.50255,16654.76856,15603.9015,6965.484531,6737.147214,5595.483437,3427.510673,1123.978376,490.9762735,240.1857454,425.9225408,283.7928003,243.77715,216.4563961,229.9229125,330.4715694,305.3965075,223.8252477,264.5511517,224.2580911,239.1039707,315.1642681,383.9106166,333.2435372,333.4786446,364.9721023,436.9457175,364.3918994,596.6490684,380.5548953,445.1125534,444.1389427,487.7145842,162.2882063,401.6605573,319.1631346,46.15863512,119.6861755,119.6861755,79.79078366,0,0,0,2.582993574,0,39.89539183,0,0,0
2008,5,6809.310345,6058,0,0,0,0,0,0,0,0,45.07146021,30.04764014,152.9575196,275.6489933,406.5711116,623.2763219,364.1615383,508.1322356,598.7512747,1062.634343,1016.197883,647.5983778,348.9882028,259.0565236,129.3825558,120.6872986,108.9987248,38.27174293,31.25423258,23.06993927,13.59844178,3.569711557,0.461423964,0,0.461423964,0.230711982,0,0,0,0.230711982,0,0,0,0,0,0,0,0,0,0,0,0,0,0,0,0,0,0,0,0,0,0,0,0,0,0,0,0,0,0,0,0,0
2008,6,242791.0669,4890,0,0,0,0,0,0,0,0,112.3190934,74.8793956,835.5161857,1495.129344,3614.911584,10243.45943,11552.21156,20844.00485,28760.25253,36906.70145,33860.58055,23764.10444,19602.38802,13165.60851,11336.29662,10940.37319,8092.022929,2391.625733,1777.903892,1545.200978,1248.557407,294.5609228,78.91907905,36.21122875,68.5730137,43.33931404,31.03819607,20.69213072,12.9325817,20.06066698,12.9325817,5.173032679,2.586516339,0,0,0,0,0,0,0,0,0,0,0,0,0,0,0,0,0,0,0,0,0,0,0,0,0,0,0,0,0,0
2008,7,494695,7757,0,0,0,0,0,0,0,0,3.103448276,2.068965517,284.1026303,624.0437669,1947.784857,6262.719351,8430.346339,15581.09433,25711.32107,42635.8836,43242.80409,40584.38595,41296.95889,33155.06293,34461.31466,31432.77821,33311.66345,19119.75347,26350.35823,25329.74567,17643.12949,8576.24682,8285.190808,5465.45223,6758.181987,5444.336032,4301.211861,2495.65737,1954.384246,1552.19367,1182.273356,621.3965367,339.421487,137.4373528,55.35160906,58.49719469,12.68474374,8.072109654,5.76579261,3.459475566,2.306317044,25.05559755,0,0,0,0,0,0,0,0,0,0,0,0,0,0,0,0,0,0,0,0,0
2008,8,105120,5642,0,0,0,0,0,0,0,0,0,0,15.8102372,94.11076083,229.6424999,594.0700496,991.9411301,1880.624252,3740.100269,8049.577013,8864.136496,9411.81258,10789.92326,9713.300946,11376.69474,10675.05258,10857.13119,5243.811669,4930.803162,3851.652171,2150.366979,692.4395744,226.6370205,89.70873786,201.0059525,122.9301607,76.89320388,51.26213592,32.03883495,65.26025781,32.03883495,12.81553398,6.40776699,0,0,0,0,0,0,1.5,2.5,2.5,6,4.5,5.5,5.5,6,2,5,4,0.5,1.5,1.5,1,0,0,0,0,0,0.5,0,0,0
2008,9,1180,3382,0,0,0,0,0,0,0,0,0,0,0,0,0,1.067961165,0,0,2.13592233,2.13592233,0,4.27184466,3.145173802,4.213134967,5.844431561,19.99771367,53.82021279,61.80056668,129.346024,145.6421493,133.0464601,87.51560886,110.9992243,80.83079723,88.24886032,78.5856638,60.29365834,32.01834927,28.00590678,18.11005476,11.87979145,7.563415712,4.025961147,2.53294753,0.858164482,1.040978537,0.196662694,0.125148987,0.089392133,0.05363528,0.035756853,0.522504163,0,0,0,0,0,0,0,0,0,0,0,0,0,0,0,0,0,0,0,0,0
2008,10,263606.7165,10889,0,0,0,0,0,46.38086666,203.2688489,536.4550494,696.8269481,1605.451981,2284.946543,2206.781258,3586.548437,4674.691639,3336.735929,4727.539698,5774.914126,7834.086826,7123.231845,4716.318351,3163.34702,2320.899431,1611.021851,3448.982292,6237.924341,6062.81912,12612.10553,16749.45384,22179.30518,17278.00459,24390.11352,18850.22539,19328.74509,18525.70382,14274.07747,7515.239471,7072.708865,4456.775025,2628.01585,2018.955862,1311.90642,932.4872113,444.000208,422.8251493,111.9313436,68.84707501,44.97218815,26.94135485,18.24062351,144.9140519,0,0.20979021,0,0.20979021,0.20979021,0.20979021,0.20979021,0,0,0,0,0,0,0,0,0,0,0,0,0,0
2008,11,36166.84211,10703,0,0,0,0,0,0,0,0,36.58802178,24.39201452,156.0732206,284.7674751,526.2674354,1148.449024,1121.94569,1935.2812,2753.599936,4120.214269,3981.873707,3124.929972,2756.496843,2059.159495,1907.236859,1693.290161,1451.906093,558.3823961,487.0326617,421.5369919,329.7118598,139.3345127,122.0586001,94.39186423,117.1889129,128.746542,207.8700789,284.8504931,427.4578071,553.2694575,543.0605736,410.5188448,449.0848575,365.5284707,343.6893485,367.2308389,297.2080576,188.2247796,100.6592283,56.99179679,36.19131254,15.1507446,7.828712206,5.147583432,2.033173461,5.997191333,5.247903176,3.714729715,4.714729715,1.333333333,0.366506795,0.5,0.5,0.333333333,0,0,0,1.115794952,0,0.166666667,0,0,0
2008,12,20160,7223,0,0,0,0,0,0,0,0,0,0,1.498127341,5.259612535,14.15309319,40.17975486,60.42604621,113.3332817,203.1208041,391.4891619,419.4237798,422.9574804,471.4330312,413.8292623,474.6677496,440.8589954,434.6985369,199.2764323,172.7620709,129.8187794,72.15973805,20.74059281,2.637889688,0,15.09379886,26.23076318,137.0150009,277.7533437,472.0386653,696.786726,753.0739535,661.2830238,909.8721499,847.6100669,935.6090283,1296.079537,1558.005476,1286.574816,1137.576042,831.3282707,757.2194292,533.5980711,563.8117445,269.3916699,277.0927619,285.7705738,312.7815707,107.3978598,250.8159617,191.2241359,38.06259202,71.70905095,71.70905095,47.80603397,0,0,0,11.05159504,0,23.90301698,0,0,0
2009,1,2021.890909,8870,0,0,0,0,0,0,0,0,0,0,0,1.797078701,2.649819853,4.536061203,7.248299792,15.01456656,32.76568187,84.29653657,97.8536661,113.5312839,150.4241246,160.0198856,219.2276069,235.8438167,257.546287,134.5126569,131.0526357,102.2105645,59.68362391,25.29901543,18.58139998,12.94449503,16.81813516,15.88465714,14.7345654,11.03252476,10.56450342,11.6237113,9.085865023,7.091957798,7.744183451,5.491184111,5.318762325,5.897272118,6.137737342,5.138818837,4.93927442,3.727061144,3.629355668,2.633316046,2.283806304,0.808867232,0.713075254,0.708153049,0.811288152,0.26964147,0.612498612,0.457142857,0.141646683,0.171428571,0.171428571,0.114285714,0,0,0,0.038511579,0,0.057142857,0,0,0
2009,2,17721.92197,12619,0,0,0,0,0,0,0,0,0,0,9.534892196,23.49448503,67.47025485,208.9443628,277.25326,515.6129349,815.1002782,1317.444487,1336.861092,1225.381419,1298.596482,1109.612811,1258.283108,1216.444006,1209.888647,579.7732873,569.6493509,468.2781642,298.4264003,121.6842276,89.6698392,58.45134956,73.48985532,61.4941989,53.45639868,45.8924604,60.61674723,90.47370559,98.6147792,100.8524076,159.084122,155.1657948,181.5214163,266.3967893,323.830766,262.9133428,217.7978654,170.1539718,158.0867613,118.5631435,173.5401555,109.5821054,125.8663084,128.9276254,139.67979,47.63311777,115.2723901,90.18569643,13.13418785,33.81963616,33.81963616,22.54642411,0,0,0,2.382023259,0,11.27321205,0,0,0
2009,3,54093.05347,10275,0,0,0,0,0,0,0,0,12.60087132,8.400580882,85.80195617,168.7717502,386.9703345,1062.585045,1209.608627,2193.109963,3224.799513,4685.666099,4527.778453,3772.478278,3664.312634,3014.044218,3311.754692,3392.023303,3593.997828,2009.85692,2566.761368,2305.027054,1379.507048,556.4712213,399.5335621,215.5495822,340.4305744,228.65042,211.8568468,178.8564487,173.570603,230.7171669,234.4678884,168.7382527,199.9145619,166.6706749,180.1785555,237.688233,285.0035295,243.0195947,235.4839535,244.2461307,284.3953077,233.8913351,374.8080853,236.9487661,276.0690353,275.9145583,302.8556512,100.9520106,249.2827999,197.7743858,28.85105302,74.16539469,74.16539469,49.44359646,0,0,0,1.909960147,0,24.72179823,0,0,0
2009,4,54325.72187,9220,0,0,0,0,0,82.52229299,82.52229299,660.1783439,532.9634501,1608.898392,2022.60882,1200.878684,2202.002248,2168.068469,1666.861635,2570.738843,3528.034154,4989.233994,4776.125689,3774.196243,3374.719175,2708.623352,2826.069116,2878.527985,2923.259204,1526.999049,1825.791168,1605.609289,958.9550642,371.8818797,249.8969351,132.3424649,212.280238,139.5188889,115.5861917,80.08403472,54.97683645,66.43830666,61.03210845,31.42767325,26.70663756,15.50932865,16.96631176,22.25010287,26.70812445,22.77768207,22.18519848,19.36037063,20.72784058,15.96161664,20.61704544,11.26085579,12.48249784,12.45961837,13.77246439,4.587159068,11.18154409,8.792513369,1.491856125,3.297192513,3.297192513,2.198128342,0,0,0,0.179010104,0,1.099064171,0,0,0
2009,5,17165.77049,3124,0,0,0,0,0,0,0,0,72.97682306,48.65121538,262.7916574,472.0482043,742.9378065,1294.860273,937.1346966,1460.796883,1846.060521,2782.223751,2597.783238,1683.230796,1060.700018,709.5820559,413.4070799,384.6890169,261.976297,50.48756664,24.89935873,24.55493414,29.43882927,4.539470541,0,0,0,0,0,0,0,0,0,0,0,0,0,0,0,0,0,0,0,0,0,0,0,0,0,0,0,0,0,0,0,0,0,0,0,0,0,0,0,0,0
2009,6,415030,6079,0,0,0,0,0,0,0,0,835.2586207,556.8390805,3482.098024,6257.253814,11197.373,23804.43648,21560.61113,36661.61998,48351.99735,64707.40547,59243.7143,39016.93603,28414.04847,19060.10135,14862.35211,15374.72147,11541.05009,3421.04744,2463.693963,1996.498787,1558.228817,348.6652017,78.11881733,30.69675913,69.32428493,42.76526412,25.92943405,16.98351393,10.85018821,22.70002206,10.32874162,4.195415908,2.072476667,0.050462574,0,0.016820858,0,0,0,0,0,0.016820858,0,0,0,0,0,0,0,0,0,0,0,0,0,0,0,0,0,0,0,0,0
2009,7,113655,10953,0,0,0,0,0,0,0,0,29.48275862,19.65517241,182.1210556,354.017327,827.5386397,2203.32887,2704.274435,4887.174452,7758.975029,12759.95982,12909.78826,11622.74,11549.40465,9047.808322,9053.255132,7719.824574,7047.673127,3039.588067,2951.786519,2537.816643,1676.412134,597.4500794,351.4750235,214.5500397,295.0243477,231.0912243,178.820599,109.5120314,86.93093023,86.768791,58.37604268,32.86903706,22.54439451,10.90765789,7.538878162,7.351799816,5.20912904,4.189653867,3.892693698,16.50566441,25.44423617,25.47892457,56.1337815,41.45899364,50.47661871,50.4731266,55.08908957,18.36247086,45.86247086,36.66666667,4.643285372,13.75,13.75,9.166666667,0,0,0,0.027322404,0,4.583333333,0,0,0
2009,8,22785,4542,0,0,0,0,0,0,0,0,0,0,0.74906367,23.51709644,32.59950643,62.89388536,69.61621533,149.406811,293.7352671,712.5234297,819.4898885,990.1817123,1411.483427,1653.115344,2442.278665,2826.037771,3280.765475,1887.105366,2118.851251,1736.371596,943.6527594,366.9193866,222.4489535,112.1359223,190.4101185,123.2390398,96.11650485,64.0776699,40.04854369,51.1516612,40.04854369,16.01941748,8.009708738,0,0,0,0,0,0,0,0,0,0,0,0,0,0,0,0,0,0,0,0,0,0,0,0,0,0,0,0,0,0
2009,9,50820,4396,0,0,0,0,0,0,0,0,0,0,0,8.457234213,9.123438238,90.61765859,5.662734212,18.7833966,185.6393775,254.1109237,125.821042,493.4178904,502.4492864,723.978632,1195.180984,2115.117196,4352.308004,4403.308414,8439.567971,8463.536721,5405.564753,2654.249346,2535.2107,1527.760186,2094.182178,1509.813305,1237.551504,768.0116276,524.3582625,465.228315,426.1524873,182.4991222,86.49766876,9.503784693,0,3.167928231,0,0,0,0,0,3.167928231,0,0,0,0,0,0,0,0,0,0,0,0,0,0,0,0,0,0,0,0,0
2009,10,1692.857143,7757,0,0,0,0,0,0,0,0,0.738916256,0.492610837,2.677072379,4.876545987,7.728867558,14.56852361,10.25513907,16.26249021,23.27886138,35.64369068,32.44430602,27.2872878,21.88896895,19.02955279,19.21824768,34.12045614,66.52636801,66.52725111,133.3344137,155.2675202,158.7832204,111.0863864,146.9949167,110.2025848,117.3557163,108.6172577,84.57705303,45.69430648,41.30943535,27.26737586,17.35352144,12.14368863,7.693606432,4.957565498,2.329303593,2.186320573,0.53379874,0.339690107,0.242635791,0.145581475,0.097054316,0.779032985,0,0,0,0,0,0,0,0,0,0,0,0,0,0,0,0,0,0,0,0,0
2009,11,2100,2696,0,0,0,0,0,0,0,0,0,0,0,0,0,0,0,0,0,0,0,0,0,0,0,0,0,0,0,0,0,0,0,0,2.215384615,4.430769231,24.36923077,49.1694408,83.26216855,120.341507,127.3708633,105.467673,133.2960482,118.2855725,124.4932463,160.4579329,190.4983738,161.9224655,157.5335714,118.9082308,116.2406267,82.39642737,72.13161929,24.26148893,20.55838406,20.3959206,23.52933619,7.817105971,17.50941366,12.92307692,4.404537908,4.846153846,4.846153846,3.230769231,0,0,0,1.27112232,0,1.615384615,0,0,0
2009,12,2400,3124,0,0,0,0,0,0,0,0,5.172413793,3.448275862,20.23763399,36.27792845,62.417327,124.2789731,109.0891883,181.8880441,249.4962924,370.49111,352.6780698,259.0750142,203.9853552,139.4207775,104.9482226,82.84185945,56.5898029,12.26676231,7.049827549,7.966273941,8.715337611,1.665510062,0,0,0,0,0,0,0,0,0,0,0,0,0,0,0,0,0,0,0,0,0,0,0,0,0,0,0,0,0,0,0,0,0,0,0,0,0,0,0,0,0
